売立日,品目コード,品目名称,品種コード,品種名称,色,等級,階級,仕立,本立,長さ,輪数,サイズ,入数,口数,単価,金額,ケース,鉢素材,荷受NO,産地コード1,産地コード2,産地名称1,産地名称2,せり台,販売区分,花商コード,花商枝番
20211210,1,輪菊,53244,神馬,白,優特,,,,,,0,200,1,80,16000,ﾀﾞﾝﾎﾞｰﾙ1,,81055,40555,17,福岡県全農福岡県本部,ＪＡ福岡八女八女,0,先取,259,0
20211210,1,輪菊,53244,神馬,白,Ｌ,曲,,,,,0,200,3,80,48000,ﾀﾞﾝﾎﾞｰﾙ1,,84210,ﾔｰ279,,福岡県ﾔｰ279,大隈博行,0,先取,259,0
20211210,1,輪菊,53244,神馬,白,優,２Ｌ,,,,,0,80,4,80,25600,ﾀﾞﾝﾎﾞｰﾙ1,,84678,43259,,熊本県,上村正次,0,先取,259,0
20211210,1,輪菊,53244,神馬,白,優,Ｌ,,,,,0,100,1,70,7000,ﾀﾞﾝﾎﾞｰﾙ1,,84679,43259,,熊本県,上村正次,0,先取,259,0
20211210,1,輪菊,53244,神馬,白,秀,Ｌ,,,90CM,,0,200,1,75,15000,ﾀﾞﾝﾎﾞｰﾙ1,,85286,40587,2,長崎県（株）九州大田花き,九州大田諌干ﾄﾞﾘｰﾑ,0,先取,259,0
20211210,1,輪菊,82070,精の一世,白,特,,,,,,0,200,1,70,14000,ﾀﾞﾝ3,,85430,ﾔｰ610,,福岡県ﾔｰ610,八女電照菊部会06-01,0,先取,259,0
20211210,3,ｽﾌﾟﾚｰﾏﾑ,13984,ﾒﾄﾞｰGﾓﾅﾘｻﾞﾋﾟﾝｸ,桃,,,,,,,0,100,2,50,10000,ﾀﾞﾝﾎﾞｰﾙ1,,84043,40132,,マレーシア,星日産業株式会社,W,先取,259,2
20211210,3,ｽﾌﾟﾚｰﾏﾑ,57789,ﾓﾅﾘｻﾞﾀﾞｰｸ,桃,ｴｸｽﾄﾗ,,,,70CM,,0,100,1,40,4000,ﾀﾞﾝﾎﾞｰﾙ1,,83947,13096,,ベトナム,グリーンウィングスＪ,W,先取,259,5
20211210,3,ｽﾌﾟﾚｰﾏﾑ,61878,ﾓﾅﾘｻﾞﾋﾟﾝｸ,桃,,,,,75CM,,0,160,1,40,6400,ﾀﾞﾝ3,,83647,43041,,マレーシア,ザッパージャパン,W,先取,259,5
20211210,5,ﾊﾞﾗ,60794,ﾌﾞﾙｺﾞｰﾆｭ,白,,,,,60CM,,0,30,1,100,3000,ELF,,82278,ｷｰ680,ｷｰ134,福岡県ＪＡ福岡市北崎花き共ｷｰ134,高橋三千年,0,予対,259,4
20211210,5,ﾊﾞﾗ,82334,ｱﾏﾀﾞ+,赤,優,,,,80CM,,0,25,1,220,5500,ﾊﾞｹｯﾄ,,81699,ﾔｰ140,,福岡県ﾔｰ140,角温美,0,予対,259,50
20211210,5,ﾊﾞﾗ,84115,ｻﾑﾗｲ'08,赤,,,,,60CM,,0,30,1,120,3600,ﾀﾃﾊﾞｺ,,82077,ﾕｰ800,ｾｰ012,ケニア,株式会社クラシック,0,予対,259,0
20211210,5,ﾊﾞﾗ,84115,ｻﾑﾗｲ'08,赤,秀,,,,50CM,,0,35,1,110,3850,ﾀﾃﾊﾞｺ,,83311,40555,1,福岡県全農福岡県本部,ＪＡむなかた,0,予対,259,0
20211210,5,ﾊﾞﾗ,110139,ﾏﾄﾞﾘｰﾄﾞ!,橙,秀,,,,70-65CM,,0,20,1,160,3200,ELF,,82962,ﾔｰ103,,福岡県ﾔｰ103,園田秀三,W,予対,259,50
20211210,5,ﾊﾞﾗ,14322,ｻﾝｾｯﾄﾋﾞｭｰ,赤,秀,,,,70-60CM,,0,35,1,140,4900,ﾀﾃﾊﾞｺ,,83321,40555,1,福岡県全農福岡県本部,ＪＡむなかた,0,予対,259,0
20211210,5,ﾊﾞﾗ,14325,ﾏﾀﾞﾑｾﾘｰｽ,桃,,,,,60CM,,0,30,2,80,4800,ﾀﾃﾊﾞｺ,,82085,ﾕｰ800,ｾｰ012,ケニア,株式会社クラシック,W,先取,259,0
20211210,7,ｶｰﾈｰｼｮﾝ,7614,ﾄﾞﾝｾﾙ,桃,,,,,70CM,,0,100,1,45,4500,ELF,,83979,13096,,コロンビア,グリーンウィングスＪ,0,先取,259,3
20211210,7,ｶｰﾈｰｼｮﾝ,16624,ﾋﾞﾙﾏﾆｱ(ﾗﾍﾞﾝﾀﾞｰ),紫,,,,,70CM,,0,100,1,40,4000,ELF,,83978,13096,,コロンビア,グリーンウィングスＪ,0,先取,259,3
20211210,7,ｶｰﾈｰｼｮﾝ,16624,ﾋﾞﾙﾏﾆｱ(ﾗﾍﾞﾝﾀﾞｰ),紫,,,,,70CM,,0,100,1,40,4000,ELF,,83978,13096,,コロンビア,グリーンウィングスＪ,0,先取,259,4
20211210,7,ｶｰﾈｰｼｮﾝ,82219,ｶｵﾘ,桃,,,,,70CM,,0,100,1,45,4500,ELF,,83668,43041,,コロンビア,ザッパージャパンｶｰﾈｰｼｮﾝ,0,先取,259,4
20211210,8,Sｶｰﾈｰｼｮﾝ,5810,ﾋﾟﾝｸﾋﾟｼﾞｮﾝ,桃,,,,,60CM,,0,100,1,40,4000,ELF,,83989,13096,,コロンビア,グリーンウィングスＪ,0,先取,259,3
20211210,8,Sｶｰﾈｰｼｮﾝ,12881,ﾘﾄﾓ,桃,,,,,60CM,,0,100,1,40,4000,ELF,,83692,43041,,コロンビア,ザッパージャパンｶｰﾈｰｼｮﾝ,0,先取,259,4
20211210,8,Sｶｰﾈｰｼｮﾝ,23629,ｹﾘｰ,複色,,,,,65CM,,0,100,1,40,4000,ﾀﾃﾊﾞｺ,,84054,40132,,コロンビア,星日産業株式会社,0,先取,259,4
20211210,8,Sｶｰﾈｰｼｮﾝ,81159,ﾊﾏﾀﾞ,橙,,,,,60CM,,0,100,1,40,4000,ELF,,83686,43041,,コロンビア,ザッパージャパンｶｰﾈｰｼｮﾝ,0,先取,259,3
20211210,11,ｵﾘｴﾝﾀﾙHBﾕﾘ,38,ﾀﾗﾝｺﾞ,桃,秀,２Ｌ,,,90CM,4-5F,0,20,2,300,12000,ﾀﾞﾝﾎﾞｰﾙ1,,83851,46777,4,鹿児島県鹿児島県経済連,ＪＡ鹿児島いずみ宮路,0,先取,259,4
20211210,11,ｵﾘｴﾝﾀﾙHBﾕﾘ,38,ﾀﾗﾝｺﾞ,桃,優,２Ｌ,,,90CM,4-5F,0,20,1,280,5600,ﾀﾞﾝﾎﾞｰﾙ1,,83852,46777,4,鹿児島県鹿児島県経済連,ＪＡ鹿児島いずみ宮路,0,先取,259,3
20211210,11,ｵﾘｴﾝﾀﾙHBﾕﾘ,38,ﾀﾗﾝｺﾞ,桃,秀,,,,90CM,4-5F,0,20,6,280,33600,ﾀﾞﾝﾎﾞｰﾙ1,,85697,ｷｰ680,ｷｰ090,福岡県ＪＡ福岡市北崎花き共ｷｰ090,高杢和海,0,先取,259,0
20211210,11,ｵﾘｴﾝﾀﾙHBﾕﾘ,38,ﾀﾗﾝｺﾞ,桃,秀,,,,90CM,4-5F,0,20,5,280,28000,ﾀﾞﾝﾎﾞｰﾙ1,,85697,ｷｰ680,ｷｰ090,福岡県ＪＡ福岡市北崎花き共ｷｰ090,高杢和海,0,先取,259,3
20211210,11,ｵﾘｴﾝﾀﾙHBﾕﾘ,38,ﾀﾗﾝｺﾞ,桃,秀,,,,85CM,4-5F,0,15,1,280,4200,ﾀﾞﾝﾎﾞｰﾙ1,,85698,ｷｰ680,ｷｰ090,福岡県ＪＡ福岡市北崎花き共ｷｰ090,高杢和海,0,先取,259,0
20211210,11,ｵﾘｴﾝﾀﾙHBﾕﾘ,3416,ｻﾝﾌﾞｶ(=ｻﾝﾌﾞｯｶ),白,Ｌ,,,,80CM,4-5F,0,20,1,300,6000,ﾀﾞﾝﾎﾞｰﾙ1,,82956,ﾔｰ149,,福岡県ﾔｰ149,渡辺満夫,0,先取,259,0
20211210,11,ｵﾘｴﾝﾀﾙHBﾕﾘ,4600,ﾌﾟﾚﾐｱﾑﾌﾞﾛﾝﾄﾞ,白,秀,,,,90CM,4輪,0,20,1,300,6000,ﾀﾞﾝﾎﾞｰﾙ1,,81323,45054,,宮崎県,有）白川農園,0,先取,259,3
20211210,11,ｵﾘｴﾝﾀﾙHBﾕﾘ,4600,ﾌﾟﾚﾐｱﾑﾌﾞﾛﾝﾄﾞ,白,優,,,,90-80CM,4-5F,0,20,1,220,4400,ﾀﾞﾝﾎﾞｰﾙ1,,81326,45054,,宮崎県,有）白川農園,0,先取,259,0
20211210,11,ｵﾘｴﾝﾀﾙHBﾕﾘ,4600,ﾌﾟﾚﾐｱﾑﾌﾞﾛﾝﾄﾞ,白,２Ｌ,,,,,4輪,0,20,1,250,5000,ﾀﾞﾝﾎﾞｰﾙ1,,82983,45060,,宮崎県,大城浩幸,0,先取,259,4
20211210,11,ｵﾘｴﾝﾀﾙHBﾕﾘ,4600,ﾌﾟﾚﾐｱﾑﾌﾞﾛﾝﾄﾞ,白,秀,Ｌ,,,80CM,4-5F,0,20,2,300,12000,ﾀﾞﾝﾎﾞｰﾙ1,,83844,46777,4,鹿児島県鹿児島県経済連,ＪＡ鹿児島いずみ宮路,0,先取,259,3
20211210,11,ｵﾘｴﾝﾀﾙHBﾕﾘ,14985,ﾗﾌﾞﾗ･ｻﾛﾝﾉ･Tｽﾄｰﾝ,,秀,,,,100CM,3輪,0,20,1,220,4400,ﾀﾞﾝﾎﾞｰﾙ1,,83641,ﾔｰ338,,福岡県ﾔｰ338,貝田賢一,0,先取,259,0
20211210,11,ｵﾘｴﾝﾀﾙHBﾕﾘ,14985,ｶｽﾃﾗｰﾆ･ｼｸﾞﾅﾑ･ﾀﾗﾝ,,優,,,,90CM,3輪,0,20,1,180,3600,ﾀﾞﾝﾎﾞｰﾙ1,,85699,ｷｰ680,ｷｰ090,福岡県ＪＡ福岡市北崎花き共ｷｰ090,高杢和海,0,先取,259,0
20211210,11,ｵﾘｴﾝﾀﾙHBﾕﾘ,34014,ｼﾍﾞﾘｱ,白,秀,,,,85CM,4-5F,0,20,5,280,28000,ﾀﾞﾝﾎﾞｰﾙ1,,85700,ｷｰ680,ｷｰ090,福岡県ＪＡ福岡市北崎花き共ｷｰ090,高杢和海,0,先取,259,0
20211210,11,ｵﾘｴﾝﾀﾙHBﾕﾘ,34014,ｼﾍﾞﾘｱ,白,秀,,,,80CM,4-5F,0,20,3,280,16800,ﾀﾞﾝﾎﾞｰﾙ1,,85701,ｷｰ680,ｷｰ090,福岡県ＪＡ福岡市北崎花き共ｷｰ090,高杢和海,0,先取,259,3
20211210,11,ｵﾘｴﾝﾀﾙHBﾕﾘ,34014,ｼﾍﾞﾘｱ,白,秀,,,,80CM,4-5F,0,20,1,280,5600,ﾀﾞﾝﾎﾞｰﾙ1,,85701,ｷｰ680,ｷｰ090,福岡県ＪＡ福岡市北崎花き共ｷｰ090,高杢和海,0,先取,259,4
20211210,11,ｵﾘｴﾝﾀﾙHBﾕﾘ,34014,ｼﾍﾞﾘｱ,白,優,,,,75CM,4-5F,0,20,2,220,8800,ﾀﾞﾝﾎﾞｰﾙ1,,85704,ｷｰ680,ｷｰ090,福岡県ＪＡ福岡市北崎花き共ｷｰ090,高杢和海,0,先取,259,0
20211210,11,ｵﾘｴﾝﾀﾙHBﾕﾘ,34014,ｼﾍﾞﾘｱ,白,優,,,,70CM,4-5F,0,20,1,220,4400,ﾀﾞﾝﾎﾞｰﾙ1,,85705,ｷｰ680,ｷｰ090,福岡県ＪＡ福岡市北崎花き共ｷｰ090,高杢和海,0,先取,259,0
20211210,11,ｵﾘｴﾝﾀﾙHBﾕﾘ,73328,ｶﾞｳﾁｮ,複色,秀,,,,100-90CM,3輪,0,20,1,220,4400,ﾀﾞﾝﾎﾞｰﾙ1,,83637,ﾔｰ338,,福岡県ﾔｰ338,貝田賢一,0,先取,259,4
20211210,11,ｵﾘｴﾝﾀﾙHBﾕﾘ,75124,ﾆﾝﾌ,白／赤,秀,,,,95CM,4-5F,0,20,1,300,6000,ﾀﾞﾝﾎﾞｰﾙ1,,84260,ﾔｰ325,,福岡県ﾔｰ325,牛嶋国弘,0,先取,259,0
20211210,11,ｵﾘｴﾝﾀﾙHBﾕﾘ,75124,ﾆﾝﾌ,白／赤,秀,,,,95CM,4-5F,0,20,1,300,6000,ﾀﾞﾝﾎﾞｰﾙ1,,84260,ﾔｰ325,,福岡県ﾔｰ325,牛嶋国弘,0,先取,259,4
20211210,11,ｵﾘｴﾝﾀﾙHBﾕﾘ,75124,ﾆﾝﾌ,白／赤,秀,,,,95CM,4-5F,0,20,1,300,6000,ﾀﾞﾝﾎﾞｰﾙ1,,84260,ﾔｰ325,,福岡県ﾔｰ325,牛嶋国弘,0,先取,259,4
20211210,11,ｵﾘｴﾝﾀﾙHBﾕﾘ,83472,ﾚｲｸｷｬﾘｰ,桃,秀,,,,90CM,5輪,0,20,1,280,5600,ﾀﾞﾝﾎﾞｰﾙ1,,81324,45054,,宮崎県,有）白川農園,0,先取,259,0
20211210,11,ｵﾘｴﾝﾀﾙHBﾕﾘ,14985,ｲｴﾛｰｽﾄﾗｲｸ,黄,秀,,,,90CM,3輪,0,20,2,220,8800,ﾀﾞﾝﾎﾞｰﾙ1,,82874,41006,,佐賀県41006,坂本正満,0,先取,259,0
20211210,11,ｵﾘｴﾝﾀﾙHBﾕﾘ,111839,ﾃｨｾﾝﾄ,白,秀,,,,100CM,3輪,0,20,1,230,4600,ﾀﾞﾝﾎﾞｰﾙ1,,82864,41006,,佐賀県41006,坂本正満,0,先取,259,0
20211210,11,ｵﾘｴﾝﾀﾙHBﾕﾘ,111839,ﾃｨｾﾝﾄ,白,秀,,,,100CM,3輪,0,20,1,230,4600,ﾀﾞﾝﾎﾞｰﾙ1,,82864,41006,,佐賀県41006,坂本正満,0,先取,259,4
20211210,11,ｵﾘｴﾝﾀﾙHBﾕﾘ,111839,ﾃｨｾﾝﾄ,白,秀,,,,90CM,3輪,0,20,1,220,4400,ﾀﾞﾝﾎﾞｰﾙ1,,82865,41006,,佐賀県41006,坂本正満,0,先取,259,3
20211210,11,ｵﾘｴﾝﾀﾙHBﾕﾘ,111842,ｵﾊﾞﾀﾞ,桃,秀,,,,90CM,4輪,0,20,1,300,6000,ﾀﾞﾝﾎﾞｰﾙ1,,81325,45054,,宮崎県,有）白川農園,0,先取,259,3
20211210,11,ｵﾘｴﾝﾀﾙHBﾕﾘ,116825,ﾌﾛﾝﾃﾗ,桃,秀,,,,95CM,4-5F,0,20,1,300,6000,ﾀﾞﾝﾎﾞｰﾙ1,,84262,ﾔｰ325,,福岡県ﾔｰ325,牛嶋国弘,0,先取,259,0
20211210,14,LAﾕﾘ他,5223,ﾌﾚﾐﾝﾄﾝ,橙,秀,,,,90CM,4-5F,0,60,1,100,6000,ﾀﾞﾝﾎﾞｰﾙ1,,85872,43263,,熊本県,佐藤久康,,先取,259,0
20211210,14,LAﾕﾘ他,5306,ﾁｪｻﾞｰﾚ(=ﾁｪｰｻﾞﾚ),橙,秀,,,,90CM,4-5F,0,50,1,105,5250,ﾀﾞﾝﾎﾞｰﾙ1,,83745,43263,,熊本県,佐藤久康,0,先取,259,0
20211210,14,LAﾕﾘ他,5306,ﾁｪｻﾞｰﾚ(=ﾁｪｰｻﾞﾚ),橙,秀,,,,90CM,4-5F,0,50,1,105,5250,ﾀﾞﾝﾎﾞｰﾙ1,,83745,43263,,熊本県,佐藤久康,0,先取,259,5
20211210,14,LAﾕﾘ他,8199,ﾏﾚｽｺ,黄,秀,,,,90CM,4-5F,0,50,1,110,5500,ﾀﾞﾝﾎﾞｰﾙ1,,83746,43263,,熊本県,佐藤久康,W,先取,259,5
20211210,14,LAﾕﾘ他,56846,ﾊﾟﾋﾞｱ,黄,秀,,,,80CM,5輪,0,40,1,110,4400,ﾀﾞﾝﾎﾞｰﾙ1,,82883,41051,,佐賀県,吉田富秀,0,先取,259,0
20211210,14,LAﾕﾘ他,56846,ﾊﾟﾋﾞｱ,黄,,,,,80CM,4輪,0,50,1,100,5000,ﾀﾞﾝﾎﾞｰﾙ1,,83528,ﾑｰ032,,福岡県ﾑｰ032,森内正徳,W,先取,259,5
20211210,14,LAﾕﾘ他,81422,ｲｴﾛｰﾀﾞｲﾔﾓﾝﾄﾞ,黄,秀,,,,90CM,4-5F,0,50,1,110,5500,ﾀﾞﾝﾎﾞｰﾙ1,,83750,43263,,熊本県,佐藤久康,W,先取,259,5
20211210,14,LAﾕﾘ他,81422,ｲｴﾛｰﾀﾞｲﾔﾓﾝﾄﾞ,黄,秀,,,,90CM,4-5F,0,60,1,110,6600,ﾀﾞﾝﾎﾞｰﾙ1,,83751,43263,,熊本県,佐藤久康,W,先取,259,0
20211210,14,LAﾕﾘ他,81422,ｲｴﾛｰﾀﾞｲﾔﾓﾝﾄﾞ,黄,秀,Ｌ,,,,5-6F,0,30,2,100,6000,ﾀﾞﾝﾎﾞｰﾙ1,,84468,43777,34,熊本県熊本県経済連,ＪＡ宇土市,0,先取,259,0
20211210,14,LAﾕﾘ他,81422,ｲｴﾛｰﾀﾞｲﾔﾓﾝﾄﾞ,黄,秀,Ｌ,,,,5輪,0,30,2,100,6000,ﾀﾞﾝﾎﾞｰﾙ1,,84469,43777,34,熊本県熊本県経済連,ＪＡ宇土市,0,先取,259,0
20211210,14,LAﾕﾘ他,81422,ｲｴﾛｰﾀﾞｲﾔﾓﾝﾄﾞ,黄,秀,Ｌ,,,,4-5F,0,40,1,100,4000,ﾀﾞﾝﾎﾞｰﾙ1,,84470,43777,34,熊本県熊本県経済連,ＪＡ宇土市,0,先取,259,0
20211210,14,LAﾕﾘ他,85764,ｴﾙﾃﾞｨｰﾎﾞ,黄,,,,,85CM,5-6F,0,40,4,110,17600,ﾀﾞﾝﾎﾞｰﾙ1,,84605,41062,,佐賀県,馬場音二,0,先取,259,0
20211210,15,ﾃﾞﾙﾌｨﾆﾕｰﾑ,76347,ｽｰﾊﾟｰｸﾞﾗﾝﾌﾞﾙｰ,青,枝,,,,50CM,,0,100,1,40,4000,ﾀﾞﾝﾎﾞｰﾙ1,,83410,45208,,宮崎県,松田雅彦,W,先取,259,4
20211210,17,ｱﾙｽﾄﾛﾒﾘｱ,13520,ｱﾙｽﾄﾛﾒﾘｱMIX,,秀,Ｍ,,,65CM,,0,100,2,75,15000,ﾀﾃﾊﾞｺ,,84929,1777,20,北海道ホクレン,ＪＡいわみざわ,0,先取,259,5
20211210,25,ﾄﾙｺｷｷｮｳ,4082,ｴﾝﾄﾞﾚｽﾗﾌﾞ,桃,優,,,,75CM,,0,30,1,130,3900,ﾀﾃﾊﾞｺ,,81670,40555,6,福岡県全農福岡県本部,ＪＡ糸島,W,先取,259,3
20211210,25,ﾄﾙｺｷｷｮｳ,8659,ﾚｲﾅﾋﾟﾝｸ,桃,Ａ,,,,60CM,2輪,0,40,1,130,5200,ﾀﾃﾊﾞｺ,,80107,40555,1,福岡県全農福岡県本部,ＪＡむなかた,W,先取,259,0
20211210,25,ﾄﾙｺｷｷｮｳ,38772,ﾄﾙｺｷﾞｷｮｳMIX,,優,,,,55CM,,0,40,2,110,8800,ﾀﾃﾊﾞｺ,,81665,40555,6,福岡県全農福岡県本部,ＪＡ糸島,W,先取,259,4
20211210,25,ﾄﾙｺｷｷｮｳ,38772,Sｸｲｰﾝ･ﾎﾞﾔｰｼﾞｭGD,,優,,,,60CM,2輪,0,30,1,120,3600,ﾀﾞﾝﾎﾞｰﾙ1,,83554,43240,,熊本県,金水光,W,先取,259,4
20211210,25,ﾄﾙｺｷｷｮｳ,16130,ｾﾚﾌﾞｵｰｷｯﾄﾞ,紫,優,,,,65CM,,0,30,1,130,3900,ﾀﾃﾊﾞｺ,,81675,40555,6,福岡県全農福岡県本部,ＪＡ糸島,W,先取,259,0
20211210,25,ﾄﾙｺｷｷｮｳ,111689,ｼﾞｭﾘｱｽﾗｲﾄﾋﾟﾝｸ,桃,優,,,,55-50CM,,0,40,1,130,5200,ﾀﾃﾊﾞｺ,,79738,ｲｰ600,ｲｰ358,福岡県ＪＡ糸島ｲｰ358,大原重信,W,先取,259,0
20211210,25,ﾄﾙｺｷｷｮｳ,112797,ﾎﾞﾝﾎﾞﾔｰｼﾞｭｽｲｰﾄP,桃,,,,,60CM,2輪,0,40,1,130,5200,ﾀﾞﾝﾎﾞｰﾙ1,,84723,43257,,熊本県,後藤裕樹,W,先取,259,0
20211210,25,ﾄﾙｺｷｷｮｳ,112797,ﾎﾞﾝﾎﾞﾔｰｼﾞｭｽｲｰﾄP,桃,,,,,60CM,2輪,0,40,1,130,5200,ﾀﾞﾝﾎﾞｰﾙ1,,84723,43257,,熊本県,後藤裕樹,W,先取,259,4
20211210,25,ﾄﾙｺｷｷｮｳ,112797,ﾎﾞﾝﾎﾞﾔｰｼﾞｭｽｲｰﾄP,桃,秀,,,,60CM,2輪,0,30,1,140,4200,ﾀﾞﾝﾎﾞｰﾙ1,,84874,43777,25,熊本県熊本県経済連,ＪＡ波野村井まゆみ,W,先取,259,3
20211210,25,ﾄﾙｺｷｷｮｳ,115105,ｾﾚﾌﾞﾘｯﾁﾎﾜｲﾄ,白,優,,,,60-50CM,2輪,0,30,1,110,3300,ﾀﾞﾝﾎﾞｰﾙ1,,83549,43240,,熊本県,金水光,W,先取,259,3
20211210,25,ﾄﾙｺｷｷｮｳ,115105,ｾﾚﾌﾞﾘｯﾁﾎﾜｲﾄ,白,優,,,,50CM,2輪,0,40,1,110,4400,ﾀﾞﾝﾎﾞｰﾙ1,,83550,43240,,熊本県,金水光,W,先取,259,4
20211210,25,ﾄﾙｺｷｷｮｳ,115111,ｾﾚﾌﾞｸﾘｽﾀﾙ,白,優,,,,70CM,2輪,0,30,1,130,3900,ﾀﾞﾝﾎﾞｰﾙ1,,83397,43777,14,熊本県熊本県経済連,一の宮鳴川孝宏,W,先取,259,3
20211210,25,ﾄﾙｺｷｷｮｳ,115481,ｼﾞｭﾘｱｽﾗﾍﾞﾝﾀﾞｰ,紫,秀,Ｍ,,,55CM,2輪,0,40,1,130,5200,ﾀﾃﾊﾞｺ,,79991,40555,37,福岡県全農福岡県本部,ＪＡ田川添田,W,先取,259,0
20211210,25,ﾄﾙｺｷｷｮｳ,115481,ｼﾞｭﾘｱｽﾗﾍﾞﾝﾀﾞｰ,紫,,,,,50CM,2輪,0,40,1,120,4800,ﾀﾞﾝﾎﾞｰﾙ1,,84729,43257,,熊本県,後藤裕樹,W,先取,259,3
20211210,25,ﾄﾙｺｷｷｮｳ,115526,ﾎﾞﾔｰｼﾞｭｺﾞｰﾙﾄﾞ,黄,優,,,,50CM,2輪,0,40,1,100,4000,ﾀﾞﾝﾎﾞｰﾙ1,,83547,43240,,熊本県,金水光,W,先取,259,4
20211210,25,ﾄﾙｺｷｷｮｳ,121945,ﾍﾞｰﾙﾗﾍﾞﾝﾀﾞｰ,紫,Ｂ,,,,50CM,,0,40,1,120,4800,ﾀﾃﾊﾞｺ,,80106,40555,1,福岡県全農福岡県本部,ＪＡむなかた,W,先取,259,0
20211210,27,宿根ｶｽﾐ,75455,ｱﾙﾀｲﾙ,白,秀,２Ｌ,,,,,0,50,2,90,9000,ﾀﾃﾊﾞｺ,,79947,43777,15,熊本県熊本県経済連,ＪＡ熊本うき,W,先取,259,0
20211210,27,宿根ｶｽﾐ,75455,ｱﾙﾀｲﾙ,白,秀,Ｌ,,,,,0,70,2,80,11200,ﾀﾃﾊﾞｺ,,79948,43777,15,熊本県熊本県経済連,ＪＡ熊本うき,0,先取,259,0
20211210,27,宿根ｶｽﾐ,75455,ｱﾙﾀｲﾙ,白,秀,Ｌ,,,,,0,70,1,80,5600,ﾀﾃﾊﾞｺ,,79948,43777,15,熊本県熊本県経済連,ＪＡ熊本うき,0,先取,259,0
20211210,27,宿根ｶｽﾐ,75455,ｱﾙﾀｲﾙ,白,秀,Ｌ,,,,,0,70,1,80,5600,ﾀﾃﾊﾞｺ,,79948,43777,15,熊本県熊本県経済連,ＪＡ熊本うき,0,先取,259,4
20211210,27,宿根ｶｽﾐ,75455,ｱﾙﾀｲﾙ,白,秀,Ｌ,,,,,0,80,2,80,12800,ﾀﾃﾊﾞｺ,,81835,43777,36,熊本県熊本県経済連,ＪＡ菊池,W,先取,259,0
20211210,27,宿根ｶｽﾐ,86299,ﾍﾞｰﾙｽﾀｰ,白,２Ｌ,,,,80CM,,0,50,1,90,4500,ﾀﾃﾊﾞｺ,,83192,43447,,熊本県,佐伯昌子,W,先取,259,0
20211210,30,ｽﾄｯｸ,34445,SPｶﾙﾃｯﾄC/W,,秀,,,,50CM,,0,60,1,60,3600,ﾀﾞﾝﾎﾞｰﾙ1,,84095,ｲｰ600,ｲｰ268,福岡県ＪＡ糸島ｲｰ268,高宮直繁,W,予対,259,0
20211210,30,ｽﾄｯｸ,34445,SPｶﾙﾃｯﾄMIX,,秀,Ｍ,,,,,0,50,1,60,3000,ﾀﾞﾝﾎﾞｰﾙ1,,85502,ｲｰ294,,福岡県ｲｰ294,高宮博文,W,予対,259,0
20211210,30,ｽﾄｯｸ,45773,SPﾎﾜｲﾄｶﾙﾃｯﾄ,白,良,,,,55CM,,0,50,2,60,6000,ﾀﾞﾝﾎﾞｰﾙ1,,84110,ｷｰ680,ｷｰ072,福岡県ＪＡ福岡市北崎花き共ｷｰ072,宗佐富,W,予対,259,0
20211210,30,ｽﾄｯｸ,45773,SPﾎﾜｲﾄｶﾙﾃｯﾄ,白,良,,,,55CM,,0,60,1,60,3600,ﾀﾞﾝﾎﾞｰﾙ1,,84111,ｷｰ680,ｷｰ072,福岡県ＪＡ福岡市北崎花き共ｷｰ072,宗佐富,W,予対,259,0
20211210,30,ｽﾄｯｸ,51578,SPﾏﾘﾝｶﾙﾃｯﾄ,紫,優,,,,50CM,,0,50,1,60,3000,ﾀﾞﾝﾎﾞｰﾙ1,,83367,ｷｰ680,ｷｰ057,福岡県ＪＡ福岡市北崎花き共ｷｰ057,宗千二,W,予対,259,0
20211210,30,ｽﾄｯｸ,85635,SPﾃﾞｨｰﾌﾟｲｴﾛｰｶﾙﾃｯ,黄,優,,,,50CM,,0,40,1,60,2400,ﾀﾞﾝﾎﾞｰﾙ1,,83360,ｷｰ680,ｷｰ057,福岡県ＪＡ福岡市北崎花き共ｷｰ057,宗千二,W,予対,259,0
20211210,31,ｽﾀｰﾁｽ,13708,ｱｲﾗﾌﾞﾙｰ,,優,混合,,,,,0,40,1,45,1800,ﾀﾞﾝﾎﾞｰﾙ1,,81380,ｲｰ600,ｲｰ358,福岡県ＪＡ糸島ｲｰ358,大原重信,0,先取,259,0
20211210,31,ｽﾀｰﾁｽ,23584,ﾃﾄﾗﾗﾍﾞﾝﾀﾞｰ,紫,秀,,,,75-70CM,,0,50,1,55,2750,ﾀﾞﾝﾎﾞｰﾙ1,,84739,ｷｰ680,ｷｰ094,福岡県ＪＡ福岡市北崎花き共ｷｰ094,冨田一夫,0,先取,259,0
20211210,31,ｽﾀｰﾁｽ,23584,ﾃﾄﾗﾗﾍﾞﾝﾀﾞｰ,紫,秀,,,,70-65CM,,0,50,1,45,2250,ﾀﾞﾝﾎﾞｰﾙ1,,84740,ｷｰ680,ｷｰ094,福岡県ＪＡ福岡市北崎花き共ｷｰ094,冨田一夫,0,先取,259,0
20211210,31,ｽﾀｰﾁｽ,60484,ｻﾝﾃﾞｰﾊﾞｲｵﾚｯﾄ,紫,２Ｌ,,,,,,0,80,1,50,4000,ﾀﾞﾝﾎﾞｰﾙ1,,80108,30010,,和歌山県,西端園芸,0,先取,259,4
20211210,31,ｽﾀｰﾁｽ,123230,ﾌﾞﾙｰﾌﾗｯﾄﾞ,紫,Ｌ,,,,,,0,50,1,40,2000,ﾀﾞﾝﾎﾞｰﾙ1,,80151,30007,,和歌山県,楠井隆士,0,先取,259,0
20211210,32,ｶﾞｰﾍﾞﾗ,11944,ｸﾘｰﾑﾋﾞｰﾁ(ｸﾘｰﾑ),,２Ｌ,,,,,ﾀｲﾘﾝ,0,40,1,50,2000,ﾀﾃﾊﾞｺ,,85195,ﾐｰ067,,福岡県ﾐｰ067,吉田博之,0,先取,259,4
20211210,32,ｶﾞｰﾍﾞﾗ,13992,ﾌﾟﾚﾘｭｰﾄﾞ,桃,２Ｌ,,,,,ﾀｲﾘﾝ,0,40,1,50,2000,ﾀﾃﾊﾞｺ,,85191,ﾐｰ067,,福岡県ﾐｰ067,吉田博之,0,先取,259,0
20211210,32,ｶﾞｰﾍﾞﾗ,13992,ｱｳﾞｨｱﾝｽ,桃,２Ｌ,,,,,ﾀｲﾘﾝ,0,40,1,50,2000,ﾀﾃﾊﾞｺ,,85193,ﾐｰ067,,福岡県ﾐｰ067,吉田博之,0,先取,259,0
20211210,32,ｶﾞｰﾍﾞﾗ,50085,ﾋﾞｰﾊﾞｰ･ｹﾝﾀｯｷｰ,,２Ｌ,,,,,ｼｮｳﾘﾝ,0,100,1,35,3500,ﾀﾃﾊﾞｺ,,85204,ﾐｰ067,,福岡県ﾐｰ067,吉田博之,0,先取,259,0
20211210,32,ｶﾞｰﾍﾞﾗ,50085,MIX,,２Ｌ,,,,,ｼｮｳﾘﾝ,0,100,1,35,3500,ﾀﾃﾊﾞｺ,,85205,ﾐｰ067,,福岡県ﾐｰ067,吉田博之,0,先取,259,0
20211210,32,ｶﾞｰﾍﾞﾗ,84949,ｻﾝﾃﾞｨ,黄,２Ｌ,,,,,ｼｮｳﾘﾝ,0,100,1,35,3500,ﾀﾃﾊﾞｺ,,85203,ﾐｰ067,,福岡県ﾐｰ067,吉田博之,0,先取,259,0
20211210,32,ｶﾞｰﾍﾞﾗ,116837,ﾎﾞﾚﾛﾁｭｰﾁｭｰ,複色,２Ｌ,,,,,ｼｮｳﾘﾝ,0,100,1,35,3500,ﾀﾃﾊﾞｺ,,85202,ﾐｰ067,,福岡県ﾐｰ067,吉田博之,0,先取,259,0
20211210,33,ｸﾞﾗｼﾞｵﾗｽ,13827,ﾌﾚﾎﾞS･BIGﾋﾞｼﾞﾈｽ,,秀,,,,110CM,,0,50,1,100,5000,ﾀﾞﾝﾎﾞｰﾙ1,,83035,44777,7,大分県ＪＡ全農大分県本部,ＪＡおおいた豊後高田,W,先取,259,0
20211210,33,ｸﾞﾗｼﾞｵﾗｽ,13827,ﾁﾍﾞｯﾄ･BIGﾋﾞｼﾞﾈｽ,,秀,,,,110CM,,0,50,1,100,5000,ﾀﾞﾝﾎﾞｰﾙ1,,83037,44777,7,大分県ＪＡ全農大分県本部,ＪＡおおいた豊後高田,W,先取,259,3
20211210,33,ｸﾞﾗｼﾞｵﾗｽ,60594,ｿﾌｨｰ,白,優,,,,110CM,,0,80,1,80,6400,ﾀﾃﾊﾞ2,,83040,46600,,鹿児島県,沖永良部花き専門農協653,0,先取,259,3
20211210,33,ｸﾞﾗｼﾞｵﾗｽ,60594,ｿﾌｨｰ,白,優,,,,110CM,,0,80,1,80,6400,ﾀﾃﾊﾞ2,,83040,46600,,鹿児島県,沖永良部花き専門農協653,0,先取,259,4
20211210,33,ｸﾞﾗｼﾞｵﾗｽ,60594,ｿﾌｨｰ,白,優,,,,100CM,,0,80,2,70,11200,ﾀﾃﾊﾞ2,,83041,46600,,鹿児島県,沖永良部花き専門農協92,0,先取,259,0
20211210,33,ｸﾞﾗｼﾞｵﾗｽ,84946,ｴｯｾﾝｼｬﾙ,白,秀,,,,110CM,,0,50,1,100,5000,ﾀﾞﾝﾎﾞｰﾙ1,,83027,44777,7,大分県ＪＡ全農大分県本部,ＪＡおおいた豊後高田,W,先取,259,4
20211210,34,金魚草,5218,ｱｽﾘｰﾄﾌﾞﾗｲﾄﾋﾟﾝｸ,桃,秀,,,,70CM,,0,50,1,50,2500,ﾀﾃﾊﾞ3,,81955,40555,17,福岡県全農福岡県本部,ＪＡ福岡八女八女,W,先取,259,0
20211210,34,金魚草,5218,ｱｽﾘｰﾄﾌﾞﾗｲﾄﾋﾟﾝｸ,桃,秀,,,,80CM,,0,50,2,60,6000,ﾀﾞﾝﾎﾞｰﾙ1,,84559,ｷｰ103,,福岡県ｷｰ103,西園浩紹,W,先取,259,0
20211210,34,金魚草,5218,ｱｽﾘｰﾄﾌﾞﾗｲﾄﾋﾟﾝｸ,桃,秀,,,,70CM,,0,50,1,55,2750,ﾀﾞﾝﾎﾞｰﾙ1,,84560,ｷｰ103,,福岡県ｷｰ103,西園浩紹,W,先取,259,0
20211210,34,金魚草,5218,ｱｽﾘｰﾄﾌﾞﾗｲﾄﾋﾟﾝｸ,桃,秀,,,,70CM,,0,50,1,55,2750,ﾀﾞﾝﾎﾞｰﾙ1,,84560,ｷｰ103,,福岡県ｷｰ103,西園浩紹,W,先取,259,0
20211210,34,金魚草,6462,ﾚｼﾞｪﾋﾟﾝｸ,桃,優,,,,70CM,,0,50,1,50,2500,ELF,,84565,ｷｰ680,ｷｰ002,福岡県ＪＡ福岡市北崎花き共ｷｰ002,高橋正幸,W,先取,259,0
20211210,34,金魚草,6462,ﾚｼﾞｪﾋﾟﾝｸ,桃,秀,,,,80CM,,0,50,1,60,3000,ﾀﾞﾝﾎﾞｰﾙ1,,85394,ﾔｰ278,,福岡県ﾔｰ278,古賀英夫,W,先取,259,0
20211210,34,金魚草,6462,ﾚｼﾞｪﾋﾟﾝｸ,桃,秀,,,,70CM,,0,50,1,60,3000,ﾀﾞﾝﾎﾞｰﾙ1,,85395,ﾔｰ278,,福岡県ﾔｰ278,古賀英夫,W,先取,259,0
20211210,34,金魚草,14038,ﾚｼﾞｪｽﾉｰ,白,秀,,,,70CM,,0,50,2,55,5500,ﾀﾞﾝﾎﾞｰﾙ1,,84556,ｷｰ103,,福岡県ｷｰ103,西園浩紹,W,先取,259,0
20211210,34,金魚草,15731,ｷﾝｷﾞｮｿｳ2MIX,,優,,,,70CM,,0,50,1,55,2750,ﾀﾞﾝﾎﾞｰﾙ1,,81966,ｲｰ610,11,福岡県ＪＡ糸島共撰00011,糸島金魚草共撰,W,先取,259,0
20211210,34,金魚草,45878,ﾌﾞﾗｲﾀﾞﾙﾎﾜｲﾄ,白,優,,,,70CM,,0,50,2,55,5500,ELF,,84576,ｷｰ680,ｷｰ168,福岡県ＪＡ福岡市北崎花き共ｷｰ168,袈裟丸隆一,W,先取,259,0
20211210,34,金魚草,59744,ｱｽﾘｰﾄｲｴﾛｰ,黄,優,,,,70CM,,0,60,1,55,3300,ﾊﾞｹｯﾄ,,79735,ｷｰ680,ｷｰ065,福岡県ＪＡ福岡市北崎花き共ｷｰ065,宗憲作,W,先取,259,0
20211210,34,金魚草,59744,ｱｽﾘｰﾄｲｴﾛｰ,黄,秀,,,,70CM,,0,50,1,50,2500,ﾀﾃﾊﾞ3,,81956,40555,17,福岡県全農福岡県本部,ＪＡ福岡八女八女,W,先取,259,0
20211210,34,金魚草,59744,ｱｽﾘｰﾄｲｴﾛｰ,黄,優,,,,70CM,,0,50,1,55,2750,ELF,,84584,ｷｰ680,ｷｰ168,福岡県ＪＡ福岡市北崎花き共ｷｰ168,袈裟丸隆一,W,先取,259,0
20211210,34,金魚草,59745,ｱｽﾘｰﾄﾎﾜｲﾄ,白,秀,,,,70CM,,0,50,1,50,2500,ﾀﾃﾊﾞ3,,81957,40555,17,福岡県全農福岡県本部,ＪＡ福岡八女八女,W,先取,259,0
20211210,34,金魚草,122469,ﾒﾓﾘｱﾙﾗｲﾄﾋﾟﾝｸ,桃,優,,,,65CM,,0,50,1,45,2250,ELF,,84567,ｷｰ680,ｷｰ002,福岡県ＪＡ福岡市北崎花き共ｷｰ002,高橋正幸,W,先取,259,0
20211210,40,ｽｲｰﾄﾋﾟｰ,14162,ﾀﾞｲｱﾅ,桃,Ｌ,,,,,3P,0,100,2,20,4000,ﾀﾞﾝﾎﾞｰﾙ1,,80878,44777,7,大分県ＪＡ全農大分県本部,ＪＡおおいた豊後高田,W,予対,259,0
20211210,40,ｽｲｰﾄﾋﾟｰ,14162,ﾀﾞｲｱﾅ,桃,Ｌ,,,,,3P,0,100,1,20,2000,ﾀﾞﾝﾎﾞｰﾙ1,,80878,44777,7,大分県ＪＡ全農大分県本部,ＪＡおおいた豊後高田,W,予対,259,4
20211210,40,ｽｲｰﾄﾋﾟｰ,15413,ﾓﾓｺ,桃,Ｌ,,,,,3P,0,100,1,20,2000,ﾀﾞﾝﾎﾞｰﾙ1,,82128,44777,8,大分県ＪＡ全農大分県本部,ＪＡおおいた豊後大野,W,先取,259,0
20211210,40,ｽｲｰﾄﾋﾟｰ,15413,ﾓﾓｺ,桃,Ｌ,,,,,3P,0,100,1,20,2000,ﾀﾞﾝﾎﾞｰﾙ1,,82128,44777,8,大分県ＪＡ全農大分県本部,ＪＡおおいた豊後大野,W,予対,259,0
20211210,40,ｽｲｰﾄﾋﾟｰ,15413,ﾓﾓｲﾛ,桃,Ｌ,,,,,4P,0,100,1,20,2000,ﾀﾞﾝﾎﾞｰﾙ1,,82442,45777,17,宮崎県宮崎県経済連,ＪＡはまゆう,W,予対,259,0
20211210,40,ｽｲｰﾄﾋﾟｰ,15413,ｻｰﾓﾝ,桃,２Ｌ,,,,,4P,0,100,1,20,2000,ﾀﾞﾝﾎﾞｰﾙ1,,82443,45777,17,宮崎県宮崎県経済連,ＪＡはまゆう,W,予対,259,0
20211210,40,ｽｲｰﾄﾋﾟｰ,15413,ｴﾝｾﾞﾙ,桃,,,,,45CM,4P,0,100,2,20,4000,ﾀﾞﾝﾎﾞｰﾙ1,,85584,35446,,山口県,中村好昭,W,予対,259,0
20211210,40,ｽｲｰﾄﾋﾟｰ,15413,ｴﾝｾﾞﾙ,桃,,,,,45CM,4P,0,100,1,20,2000,ﾀﾞﾝﾎﾞｰﾙ1,,85584,35446,,山口県,中村好昭,W,予対,259,0
20211210,40,ｽｲｰﾄﾋﾟｰ,23578,ｽｶｰﾚｯﾄ,赤,Ｌ,,,,,3P,0,100,1,20,2000,ﾀﾞﾝﾎﾞｰﾙ1,,80160,45234,,宮崎県,太陽農園有限会社,W,予対,259,0
20211210,40,ｽｲｰﾄﾋﾟｰ,37111,ﾊｰﾓﾆｰﾚｯﾄﾞ,,Ｌ,,,,,3P,0,100,1,20,2000,ﾀﾞﾝﾎﾞｰﾙ1,,80905,44777,7,大分県ＪＡ全農大分県本部,ＪＡおおいた豊後高田,W,予対,259,0
20211210,40,ｽｲｰﾄﾋﾟｰ,37111,ﾀﾞｲｱﾅ･ﾊｰﾓﾆｰ,,Ｌ,,,,,3P,0,100,1,20,2000,ﾀﾞﾝﾎﾞｰﾙ1,,80921,44777,7,大分県ＪＡ全農大分県本部,ＪＡおおいた豊後高田,W,予対,259,0
20211210,40,ｽｲｰﾄﾋﾟｰ,37111,MIX,,Ｌ,,,,,3P,0,100,1,20,2000,ﾀﾞﾝﾎﾞｰﾙ1,,80935,44777,7,大分県ＪＡ全農大分県本部,ＪＡおおいた豊後高田,0,予対,259,0
20211210,40,ｽｲｰﾄﾋﾟｰ,37111,ﾌﾞﾙｰｴﾝｾﾞﾙ,,Ｌ,,,,,3P,0,100,1,20,2000,ﾀﾞﾝﾎﾞｰﾙ1,,82132,44777,8,大分県ＪＡ全農大分県本部,ＪＡおおいた豊後大野,W,予対,259,0
20211210,40,ｽｲｰﾄﾋﾟｰ,37111,ｸﾘｽﾀﾙﾎﾜｲﾄ･ｻｸﾗ,,Ａ,２Ｌ,,,,,0,100,1,20,2000,ﾀﾞﾝﾎﾞｰﾙ1,,82138,44777,8,大分県ＪＡ全農大分県本部,ＪＡおおいた豊後大野,W,予対,259,0
20211210,40,ｽｲｰﾄﾋﾟｰ,37111,ｼｵﾝ,,秀,,,,55CM,4P,0,100,1,20,2000,ﾀﾞﾝﾎﾞｰﾙ1,,84077,41417,,佐賀県,柴田博正,W,予対,259,0
20211210,40,ｽｲｰﾄﾋﾟｰ,66300,ﾌｧｰｽﾄﾚﾃﾞｨｰ,桃,Ｌ,,,,,3P,0,100,1,20,2000,ﾀﾞﾝﾎﾞｰﾙ1,,80887,44777,7,大分県ＪＡ全農大分県本部,ＪＡおおいた豊後高田,W,予対,259,0
20211210,40,ｽｲｰﾄﾋﾟｰ,15413,ﾊｰﾄ,桃,Ｌ,,,,,3P,0,100,1,20,2000,ﾀﾞﾝﾎﾞｰﾙ1,,80882,44777,7,大分県ＪＡ全農大分県本部,ＪＡおおいた豊後高田,W,予対,259,0
20211210,62,ｺﾞｯﾄｾ,19985,ﾌﾛﾘﾀﾞﾋﾞｭｰﾃｨ,,Ｓ,,,,35CM,,0,50,1,10,500,ｺﾊﾞｺ,,82506,ﾕｰ800,ｾｰ029,マレーシア,（株）ワイエムエス,W,先取,259,0
20211210,62,ｺﾞｯﾄｾ,19985,ﾌﾛﾘﾀﾞﾋﾞｭｰﾃｨ,,Ｍ,,,,45CM,,0,40,4,30,4800,ｺﾊﾞｺ2,,82626,27039,,マレーシア,株式会社ＳＤ＆Ｈ,W,先取,259,0
20211210,64,ﾚｻﾞｰﾌｧﾝ,19027,DX,,Ｌ,,,,,,0,1000,1,16,16000,ﾀﾞﾝ5,,81303,12006,,インドネシア,（株）大谷商会,,予対,259,12
20211210,64,ﾚｻﾞｰﾌｧﾝ,19027,DX,,Ｌ,,,,,,0,1000,1,16,16000,ﾀﾞﾝ5,,81304,12006,,インドネシア,（株）大谷商会,,予対,259,0
20211210,65,ﾛﾍﾞﾘﾆｰ,19025,ﾛﾍﾞﾘﾆｰ,,,,,,70-75CM,,0,200,1,10,2000,ｿﾉﾀ,,79586,46057,,鹿児島県,河野清人,W,予対,259,5
20211210,65,ﾛﾍﾞﾘﾆｰ,19025,ﾛﾍﾞﾘﾆｰ,,,,,,70-75CM,,0,150,1,10,1500,ｿﾉﾀ,,79587,46057,,鹿児島県,河野清人,W,予対,259,51
20211210,65,ﾛﾍﾞﾘﾆｰ,19025,ﾛﾍﾞﾘﾆｰ,,,,,,65-70CM,,0,200,1,10,2000,ｿﾉﾀ,,79588,46057,,鹿児島県,河野清人,W,予対,259,5
20211210,65,ﾛﾍﾞﾘﾆｰ,19025,ﾛﾍﾞﾘﾆｰ,,,,,,60-65CM,,0,200,1,10,2000,ｿﾉﾀ,,79589,46057,,鹿児島県,河野清人,W,予対,259,5
20211210,65,ﾛﾍﾞﾘﾆｰ,19025,ﾛﾍﾞﾘﾆｰ,,,,,,80CM,,0,100,2,10,2000,ｿﾉﾀ,,79592,46345,,鹿児島県,川南ひふみ,W,予対,259,12
20211210,65,ﾛﾍﾞﾘﾆｰ,19025,ﾛﾍﾞﾘﾆｰ,,,,,,80CM,,0,25,1,10,250,ｿﾉﾀ,,79593,46345,,鹿児島県,川南ひふみ,W,予対,259,12
20211210,65,ﾛﾍﾞﾘﾆｰ,19025,ﾛﾍﾞﾘﾆｰ,,秀,Ｌ,,,,,0,200,1,10,2000,ﾀﾞﾝ2,,79601,46777,61,鹿児島県鹿児島県経済連,ＪＡ種子屋久,W,予対,259,2
20211210,65,ﾛﾍﾞﾘﾆｰ,19025,ﾛﾍﾞﾘﾆｰ,,秀,Ｍ,,,,,0,200,1,10,2000,ﾀﾞﾝ2,,79602,46777,61,鹿児島県鹿児島県経済連,ＪＡ種子屋久,W,予対,259,3
20211210,65,ﾛﾍﾞﾘﾆｰ,19025,ﾛﾍﾞﾘﾆｰ,,,,,,80CM,,0,150,1,10,1500,ｿﾉﾀ,,80126,46105,,鹿児島県,砂坂伊津子,W,予対,259,12
20211210,65,ﾛﾍﾞﾘﾆｰ,19025,ﾛﾍﾞﾘﾆｰ,,,,,,75CM,,0,100,1,10,1000,ｿﾉﾀ,,80128,46105,,鹿児島県,砂坂伊津子,W,予対,259,51
20211210,65,ﾛﾍﾞﾘﾆｰ,19025,ﾛﾍﾞﾘﾆｰ,,,,,,65CM,,0,100,1,10,1000,ｿﾉﾀ,,80130,46105,,鹿児島県,砂坂伊津子,W,予対,259,9
20211210,65,ﾛﾍﾞﾘﾆｰ,19025,ﾛﾍﾞﾘﾆｰ,,,,,,80CM,,0,100,1,10,1000,ｿﾉﾀ,,85312,46217,,鹿児島県,頓所澪子,W,予対,259,2
20211210,65,ﾛﾍﾞﾘﾆｰ,19025,ﾛﾍﾞﾘﾆｰ,,,,,,80CM,,0,100,1,10,1000,ｿﾉﾀ,,85312,46217,,鹿児島県,頓所澪子,W,予対,259,9
20211210,65,ﾛﾍﾞﾘﾆｰ,19025,ﾛﾍﾞﾘﾆｰ,,,,,,80CM,,0,100,1,10,1000,ｿﾉﾀ,,85312,46217,,鹿児島県,頓所澪子,W,予対,259,100
20211210,65,ﾛﾍﾞﾘﾆｰ,19025,ﾛﾍﾞﾘﾆｰ,,,,,,75CM,,0,100,2,10,2000,ｿﾉﾀ,,85313,46217,,鹿児島県,頓所澪子,W,予対,259,12
20211210,65,ﾛﾍﾞﾘﾆｰ,19025,ﾛﾍﾞﾘﾆｰ,,,,,,65CM,,0,200,1,10,2000,ｿﾉﾀ,,85314,46217,,鹿児島県,頓所澪子,W,予対,259,2
20211210,65,ﾛﾍﾞﾘﾆｰ,19025,ﾛﾍﾞﾘﾆｰ,,,,,,70CM,,0,100,1,10,1000,ｿﾉﾀ,,85315,46181,,鹿児島県,砂坂美雪,W,予対,259,9
20211210,65,ﾛﾍﾞﾘﾆｰ,19025,ﾛﾍﾞﾘﾆｰ,,,,,,70CM,,0,100,1,10,1000,ｿﾉﾀ,,85315,46181,,鹿児島県,砂坂美雪,W,予対,259,12
20211210,65,ﾛﾍﾞﾘﾆｰ,19025,ﾛﾍﾞﾘﾆｰ,,,,,,70CM,,0,100,2,10,2000,ｿﾉﾀ,,85315,46181,,鹿児島県,砂坂美雪,W,予対,259,51
20211210,65,ﾛﾍﾞﾘﾆｰ,19025,ﾛﾍﾞﾘﾆｰ,,,,,,70CM,,0,100,2,10,2000,ｿﾉﾀ,,85315,46181,,鹿児島県,砂坂美雪,W,予対,259,100
20211210,65,ﾛﾍﾞﾘﾆｰ,19025,ﾛﾍﾞﾘﾆｰ,,,,,,80CM,,0,200,1,10,2000,ｿﾉﾀ,,85319,46050,,鹿児島県,立石時義,W,予対,259,9
20211210,65,ﾛﾍﾞﾘﾆｰ,19025,ﾛﾍﾞﾘﾆｰ,,,,,,80CM,,0,200,1,10,2000,ｿﾉﾀ,,85319,46050,,鹿児島県,立石時義,W,予対,259,12
20211210,65,ﾛﾍﾞﾘﾆｰ,19025,ﾛﾍﾞﾘﾆｰ,,,,,,70CM,,0,150,1,10,1500,ｿﾉﾀ,,85321,46499,,鹿児島県,砂坂高子,W,予対,259,9
20211210,65,ﾛﾍﾞﾘﾆｰ,19025,ﾛﾍﾞﾘﾆｰ,,,,,,70CM,,0,150,1,10,1500,ｿﾉﾀ,,85321,46499,,鹿児島県,砂坂高子,W,予対,259,12
20211210,65,ﾛﾍﾞﾘﾆｰ,19025,ﾛﾍﾞﾘﾆｰ,,,,,,70CM,,0,200,1,10,2000,ｿﾉﾀ,,85322,46499,,鹿児島県,砂坂高子,W,予対,259,3
20211210,65,ﾛﾍﾞﾘﾆｰ,19025,ﾛﾍﾞﾘﾆｰ,,,,,,80CM,,0,100,1,10,1000,ｿﾉﾀ,,85324,46140,,鹿児島県,河北かおり,W,予対,259,3
20211210,65,ﾛﾍﾞﾘﾆｰ,19025,ﾛﾍﾞﾘﾆｰ,,,,,,80CM,,0,100,1,10,1000,ｿﾉﾀ,,85324,46140,,鹿児島県,河北かおり,W,予対,259,51
20211210,65,ﾛﾍﾞﾘﾆｰ,19025,ﾛﾍﾞﾘﾆｰ,,,,,,80CM,,0,100,1,10,1000,ｿﾉﾀ,,85324,46140,,鹿児島県,河北かおり,W,予対,259,51
20211210,65,ﾛﾍﾞﾘﾆｰ,19025,ﾛﾍﾞﾘﾆｰ,,,,,,80CM,,0,100,1,10,1000,ｿﾉﾀ,,85324,46140,,鹿児島県,河北かおり,W,予対,259,100
20211210,65,ﾛﾍﾞﾘﾆｰ,19025,ﾛﾍﾞﾘﾆｰ,,,,,,90CM,,0,100,1,10,1000,ｿﾉﾀ,,85326,46016,,鹿児島県,立石春江,W,予対,259,12
20211210,65,ﾛﾍﾞﾘﾆｰ,19025,ﾛﾍﾞﾘﾆｰ,,,,,,90CM,,0,100,1,10,1000,ｿﾉﾀ,,85326,46016,,鹿児島県,立石春江,W,予対,259,100
20211210,65,ﾛﾍﾞﾘﾆｰ,19025,ﾛﾍﾞﾘﾆｰ,,,,,,80CM,,0,150,1,10,1500,ｿﾉﾀ,,85327,46016,,鹿児島県,立石春江,W,予対,259,100
20211210,65,ﾛﾍﾞﾘﾆｰ,19025,ﾛﾍﾞﾘﾆｰ,,,,,,80CM,,0,100,1,10,1000,ｿﾉﾀ,,85328,46016,,鹿児島県,立石春江,W,予対,259,12
20211210,65,ﾛﾍﾞﾘﾆｰ,19025,ﾛﾍﾞﾘﾆｰ,,,,,,85-90CM,,0,100,1,10,1000,ｿﾉﾀ,,85331,46033,,鹿児島県,砂坂洋子,W,予対,259,2
20211210,65,ﾛﾍﾞﾘﾆｰ,19025,ﾛﾍﾞﾘﾆｰ,,,,,,85-90CM,,0,100,1,10,1000,ｿﾉﾀ,,85331,46033,,鹿児島県,砂坂洋子,W,予対,259,3
20211210,71,ﾓﾝｽﾃﾗ,20166,ﾓﾝｽﾃﾗ,,Ｌ,,,,35CM,,0,20,5,40,4000,ｺﾊﾞｺ,,82535,ﾕｰ800,ｾｰ029,マレーシア,（株）ワイエムエス,W,先取,259,0
20211210,71,ﾓﾝｽﾃﾗ,20166,ﾓﾝｽﾃﾗ,,Ｌ,,,,35CM,,0,20,1,40,800,ｺﾊﾞｺ,,82535,ﾕｰ800,ｾｰ029,マレーシア,（株）ワイエムエス,W,先取,259,0
20211210,71,ﾓﾝｽﾃﾗ,20166,ﾓﾝｽﾃﾗ,,Ｌ,,,,35CM,,0,20,1,40,800,ｺﾊﾞｺ,,82635,27039,,マレーシア,株式会社ＳＤ＆Ｈ,W,先取,259,0
20211210,71,ﾓﾝｽﾃﾗ,20166,ﾓﾝｽﾃﾗ,,Ｍ,,,,30CM,,0,30,2,35,2100,ｺﾊﾞｺ,,82636,27039,,マレーシア,株式会社ＳＤ＆Ｈ,W,先取,259,4
20211210,81,榊,19156,ｻｶｷﾀﾏｸﾞｼ,,,,,,60CM,,0,100,2,80,16000,ｿﾉﾀ,,84335,40115,,熊本県,長浦秀明,N,予対,259,3
20211210,87,他草花,20912,破れ傘,,,,,,,,0,50,1,5,250,ｿﾉﾀ,,85920,ﾒｰ021,,福岡県ﾒｰ021,中園栄次,A,せり,259,0
20211210,89,他葉物,19099,ﾆｭｰｻｲﾗﾝ,,,,,,60-90CM,,0,50,1,12,600,ｿﾉﾀ,,85041,40107,,福岡県,荒尾育義,A,せり,259,0
20211210,92,ﾄﾞﾗｾﾅ類,19539,ｽﾉｰﾎﾜｲﾄｺｰﾃﾞｨﾗｲﾝ,緑,XL,,,,70CM,,0,20,12,40,9600,ｺﾊﾞｺ,,82613,27039,,マレーシア,株式会社ＳＤ＆Ｈ,0,先取,259,3
20211210,99,ﾋﾊﾞ類,21028,黄金ヒバ,,秀,,,,120CM,,0,10,1,120,1200,ｿﾉﾀ,,79727,43777,29,熊本県熊本県経済連,ＪＡくま,W,予対,259,0
20211210,99,ﾋﾊﾞ類,21031,ｻﾂﾏｽｷﾞ(ﾋﾑﾛ),,,,,,60CM,,0,25,3,80,6000,ｿﾉﾀ,,82745,ｲｰ041,,福岡県ｲｰ041,西孝壬,W,予対,259,50
20211210,100,ﾌｧﾚﾉﾌﾟｼｽ,18726,ﾌｧﾚﾉﾌﾟｼｽ(ｼﾛ),白,,,,,,7輪,0,6,1,700,4200,ﾀﾞﾝﾎﾞｰﾙ1,,80228,ｲｰ600,ｲｰ160,福岡県ＪＡ糸島ｲｰ160,平野信幸,W,予対,259,4
20211210,100,ﾌｧﾚﾉﾌﾟｼｽ,75643,Ｖ３,白,,,,,,8輪,0,12,5,800,48000,ﾀﾞﾝﾎﾞｰﾙ1,,84063,12030,,台湾,マイサクセス（株,W,先取,259,5
20211210,100,ﾌｧﾚﾉﾌﾟｼｽ,75643,Ｖ３,白,,,,,,8輪,0,12,12,800,115200,ﾀﾞﾝ2,,84067,12030,,台湾,マイサクセス（株,0,先取,259,0
20211210,100,ﾌｧﾚﾉﾌﾟｼｽ,75643,Ｖ３,白,,,,,,7輪,0,12,12,700,100800,ﾀﾞﾝ2,,84068,12030,,台湾,マイサクセス（株,0,先取,259,0
20211210,100,ﾌｧﾚﾉﾌﾟｼｽ,75643,Ｖ３,白,,,,,,9輪,0,5,2,700,7000,ﾀﾞﾝﾎﾞｰﾙ1,,84477,ﾌｰ117,,佐賀県ﾌｰ117,山口正明,W,予対,259,3
20211210,100,ﾌｧﾚﾉﾌﾟｼｽ,75643,Ｖ３,白,,,,,,8輪,0,5,8,700,28000,ﾀﾞﾝﾎﾞｰﾙ1,,84478,ﾌｰ117,,佐賀県ﾌｰ117,山口正明,W,予対,259,3
20211210,100,ﾌｧﾚﾉﾌﾟｼｽ,75643,Ｖ３,白,,,,,,8輪,0,5,1,700,3500,ﾀﾞﾝﾎﾞｰﾙ1,,84478,ﾌｰ117,,佐賀県ﾌｰ117,山口正明,W,予対,259,4
20211210,100,ﾌｧﾚﾉﾌﾟｼｽ,75643,Ｖ３,白,,,,,,7輪,0,6,2,650,7800,ﾀﾞﾝﾎﾞｰﾙ1,,84479,ﾌｰ117,,佐賀県ﾌｰ117,山口正明,W,予対,259,4
20211210,100,ﾌｧﾚﾉﾌﾟｼｽ,75643,Ｖ３,白,,,,,,6輪,0,6,2,550,6600,ﾀﾞﾝﾎﾞｰﾙ1,,84480,ﾌｰ117,,佐賀県ﾌｰ117,山口正明,W,予対,259,4
20211210,101,ｵﾝｼｼﾞｭｰﾑ,17755,ﾊﾆｰｴﾝｼﾞｪﾙ,黄,２Ｌ,,,,70CM,,0,40,5,50,10000,ﾀﾞﾝﾎﾞｰﾙ1,,80980,13085,,台湾,ルージュジャパン（株,0,先取,259,0
20211210,101,ｵﾝｼｼﾞｭｰﾑ,17755,ﾊﾆｰｴﾝｼﾞｪﾙ,黄,２Ｌ,,,,70CM,,0,40,4,50,8000,ﾀﾞﾝﾎﾞｰﾙ1,,82241,13075,,台湾,翠光園芸,0,先取,259,2
20211210,101,ｵﾝｼｼﾞｭｰﾑ,17755,ﾊﾆｰｴﾝｼﾞｪﾙ,黄,２Ｌ,,,,70CM,,0,40,3,50,6000,ﾀﾞﾝﾎﾞｰﾙ1,,82241,13075,,台湾,翠光園芸,0,先取,259,4
20211210,103,ﾃﾞﾝﾌｧﾚ,18075,ｿﾆｱ,桃／白,Ｌ,,,,,,0,50,2,40,4000,ﾀﾞﾝﾎﾞｰﾙ1,,80300,ﾕｰ152,,タイ,伊藤秀美,W,先取,259,0
20211210,103,ﾃﾞﾝﾌｧﾚ,18075,ｿﾆｱ,桃／白,Ｌ,,,,,,0,50,4,40,8000,ﾀﾞﾝﾎﾞｰﾙ1,,80300,ﾕｰ152,,タイ,伊藤秀美,W,先取,259,3
20211210,103,ﾃﾞﾝﾌｧﾚ,18075,ｿﾆｱ,桃／白,Ｍ,,,,,,0,50,1,35,1750,ﾀﾞﾝﾎﾞｰﾙ1,,80302,ﾕｰ152,,タイ,伊藤秀美,W,先取,259,4
20211210,103,ﾃﾞﾝﾌｧﾚ,18075,ｿﾆｱ,桃／白,Ｍ,,,,,,0,50,2,35,3500,ﾀﾞﾝﾎﾞｰﾙ1,,80302,ﾕｰ152,,タイ,伊藤秀美,W,先取,259,4
20211210,103,ﾃﾞﾝﾌｧﾚ,18953,ﾋﾞｯｸﾞﾎﾜｲﾄ,白,Ｌ,,,,,,0,50,2,40,4000,ﾀﾞﾝﾎﾞｰﾙ1,,82067,ﾕｰ800,ｾｰ012,タイ,株式会社クラシック,W,先取,259,4
20211210,103,ﾃﾞﾝﾌｧﾚ,10925,ﾏﾘﾎﾜｲﾄ,白,Ｌ,,,,,,0,30,2,40,2400,ﾀﾞﾝﾎﾞｰﾙ1,,80296,ﾕｰ152,,タイ,伊藤秀美,W,先取,259,0
20211210,103,ﾃﾞﾝﾌｧﾚ,18997,ｱﾆﾅ,桃／白,Ｌ,,,,,,0,50,2,40,4000,ﾀﾞﾝﾎﾞｰﾙ1,,80299,ﾕｰ152,,タイ,伊藤秀美,W,先取,259,0
20211210,103,ﾃﾞﾝﾌｧﾚ,18997,ｱﾆﾅ,桃／白,Ｍ,,,,,,0,50,6,35,10500,ﾀﾞﾝﾎﾞｰﾙ1,,80301,ﾕｰ152,,タイ,伊藤秀美,W,先取,259,0
20211210,103,ﾃﾞﾝﾌｧﾚ,18997,ｼｭｶﾞｰﾋﾟﾝｸ,桃／白,Ｌ,,,,,,0,30,5,40,6000,ﾀﾞﾝﾎﾞｰﾙ1,,80297,ﾕｰ152,,タイ,伊藤秀美,W,先取,259,4
20211210,105,ﾊﾞﾝﾀﾞ,18817,ﾊﾞﾝﾀﾞ(ｱｵ),青,Ｍ,,,,,,0,10,10,150,15000,ﾀﾞﾝﾎﾞｰﾙ1,,84773,ﾕｰ800,ｾｰ029,タイ,（株）ワイエムエス,0,先取,259,0
20211210,116,梅,19319,ｳﾒ,,,,,,80CM,,0,50,3,90,13500,ｿﾉﾀ,,76424,ﾅｰ082,,大分県ﾅｰ082,大賀宏行,0,予対,259,0
20211210,122,ﾕｰｶﾘ,29565,銀丸葉ﾕｰｶﾘ(=ｼﾈ,白,,,,,60-50CM,,0,20,10,60,12000,ｿﾉﾀ,,83513,ﾒｰ077,,福岡県ﾒｰ077,深山道夫,W,予対,259,0
20211210,159,ﾀﾞﾘｱ,84656,ﾊﾐﾙﾄﾝｼﾞｭﾆｱ,橙,秀,２Ｌ,,,,,0,20,2,220,8800,ﾀﾃﾊﾞｺ,,80674,40555,26,福岡県全農福岡県本部,ＪＡ南筑後瀬高,0,予対,259,50
20211210,159,ﾀﾞﾘｱ,111097,ｵﾚﾝｼﾞｽﾄｰﾝ,橙,秀,,,,70-60CM,,0,25,1,200,5000,ﾀﾃﾊﾞｺ,,80418,44058,,大分県,二田園芸／二田和明,0,予対,259,50
20211210,180,ｱｲﾘｽ,14888,ﾌﾞﾙｰﾏｼﾞｯｸ,紫,秀,３Ｌ,,,,,0,100,1,50,5000,ﾀﾞﾝﾎﾞｰﾙ1,,79702,ｲｰ009,,福岡県ｲｰ009,幸田福男,W,先取,259,4
20211210,202,ｱﾝｽﾘｭｰﾑ,44264,ﾄﾛﾋﾟｶﾙ,赤,Ｍ,,,,,,0,22,1,50,1100,ﾀﾞﾝﾎﾞｰﾙ1,,81916,13075,,台湾,翠光園芸,W,先取,259,0
20211210,202,ｱﾝｽﾘｭｰﾑ,44268,ﾋﾟｽﾀｰﾁ,緑,Ｍ,,,,,,0,22,1,50,1100,ﾀﾞﾝﾎﾞｰﾙ1,,80964,13085,,台湾,ルージュジャパン（株,W,先取,259,5
20211210,202,ｱﾝｽﾘｭｰﾑ,44273,ﾐﾄﾞﾘ,緑,Ｍ,,,,,,0,22,1,50,1100,ﾀﾞﾝﾎﾞｰﾙ1,,81931,13075,,台湾,翠光園芸,W,先取,259,0
20211210,202,ｱﾝｽﾘｭｰﾑ,65534,ﾄﾘﾆﾀﾞｰﾄﾞ,緑／桃,Ｌ,,,,,,0,20,1,70,1400,ﾀﾞﾝﾎﾞｰﾙ1,,81913,13075,,台湾,翠光園芸,W,先取,259,5
20211210,202,ｱﾝｽﾘｭｰﾑ,74842,ﾏｷｼﾏ,複色,Ｍ,,,,,,0,22,1,50,1100,ﾀﾞﾝﾎﾞｰﾙ1,,80969,13085,,台湾,ルージュジャパン（株,W,先取,259,0
20211210,202,ｱﾝｽﾘｭｰﾑ,80447,ｳﾞｨｳﾞｨｵ,桃,Ｌ,,,,,,0,20,1,70,1400,ﾀﾞﾝﾎﾞｰﾙ1,,81900,13075,,台湾,翠光園芸,W,先取,259,5
20211210,202,ｱﾝｽﾘｭｰﾑ,15449,ﾚｯﾄﾞﾍﾞﾙ,赤,Ｍ,,,,,,0,22,1,50,1100,ﾀﾞﾝﾎﾞｰﾙ1,,81935,13075,,台湾,翠光園芸,W,先取,259,0
20211210,202,ｱﾝｽﾘｭｰﾑ,15449,ｴﾋﾞｰﾀ,赤,Ｍ,,,,,,0,22,1,50,1100,ﾀﾞﾝﾎﾞｰﾙ1,,80944,13085,,台湾,ルージュジャパン（株,W,先取,259,0
20211210,249,加工品,89068,ｷﾝｶｰﾙﾀｹ,,,,,,120CM,,0,25,4,80,8000,ｿﾉﾀ,,68345,43116,,熊本県,稲葉さとみ,0,予対,259,0
20211210,249,加工品,89068,ｷﾝｶｰﾙﾀｹ,,,,,,120CM,,0,25,2,80,4000,ｿﾉﾀ,,68345,43116,,熊本県,稲葉さとみ,0,予対,259,4
20211210,249,加工品,89069,ｷﾞﾝｶｰﾙﾀｹ,,,,,,120CM,,0,25,4,70,7000,ｿﾉﾀ,,68346,43116,,熊本県,稲葉さとみ,0,予対,259,0
20211210,249,加工品,89069,ｷﾞﾝｶｰﾙﾀｹ,,,,,,120CM,,0,25,2,70,3500,ｿﾉﾀ,,68346,43116,,熊本県,稲葉さとみ,0,予対,259,4
20211210,511,ﾌｧﾚﾉﾌﾟｼｽ,18726,V3ｸﾞﾛｰﾘｰ,白,,,,3立,,12F,8.5,1,2,8000,16000,ﾊｺ2,陶器鉢,84430,ｱｰ033,,福岡県ｱｰ033,有限会社白鳥園,,予対,259,4
20211210,511,ﾌｧﾚﾉﾌﾟｼｽ,18726,V3ｸﾞﾛｰﾘｰ,白,,,,3立,,10F,7.5,1,2,6500,13000,ﾊｺ2,陶器鉢,84431,ｱｰ033,,福岡県ｱｰ033,有限会社白鳥園,,予対,259,4
